Angke ,DKI Jakarta,11330
Cengkareng Barat ,DKI Jakarta,11730
Duri Kepa ,DKI Jakarta,11510
Duri Kosambi ,DKI Jakarta,11750
Duri Selatan ,DKI Jakarta,11270
Duri Utara ,DKI Jakarta,11270
Glodok ,DKI Jakarta,11120
Grogol ,DKI Jakarta,11450
Jati Pulo ,DKI Jakarta,11430
Jelambar ,DKI Jakarta,11460
Jembatan Besi ,DKI Jakarta,11320
Jembatan Lima ,DKI Jakarta,11250
Joglo ,DKI Jakarta,11640
Kalideres ,DKI Jakarta,11840
Kamal ,DKI Jakarta,69162
Kapuk ,DKI Jakarta,11720
Keagungan ,DKI Jakarta,11130
Kebon Jeruk ,DKI Jakarta,11530
Kedaung Kali Angke ,DKI Jakarta,11710
Kedoya,DKI Jakarta,11520
Kelapa Dua ,DKI Jakarta,11550
Kemanggisan ,DKI Jakarta,11480
Kembangan,DKI Jakarta,11610
Kota Bambu,DKI Jakarta,11480
Krendang ,DKI Jakarta,11260
Krukut ,DKI Jakarta,11140
Mangga Besar ,DKI Jakarta,11180
Maphar ,DKI Jakarta,11160
Meruya,DKI Jakarta,11650
Palmerah ,DKI Jakarta,11480
Pegadungan ,DKI Jakarta,11830
Pinangsia ,DKI Jakarta,11110
Rawa Buaya ,DKI Jakarta,11740
Roa Malaka ,DKI Jakarta,11230
Semanan ,DKI Jakarta,11850
Slipi ,DKI Jakarta,11410
Srengseng ,DKI Jakarta,11510
Sukabumi Selatan ,DKI Jakarta,11550
Sukabumi Utara ,DKI Jakarta,11550
Taman Sari ,DKI Jakarta,11160
Tambora ,DKI Jakarta,11220
Tanah Sereal ,DKI Jakarta,11210
Tangki ,DKI Jakarta,11170
Tanjung Duren Selatan ,DKI Jakarta,11470
Tanjung Duren Utara ,DKI Jakarta,11470
Tegal Alur ,DKI Jakarta,11820
Tomang ,DKI Jakarta,11440
Wijaya Kusuma ,DKI Jakarta,11460
Bendungan Hilir,DKI Jakarta,10210
Bungur,DKI Jakarta,10460
Cempaka Baru,DKI Jakarta,10640
Cempaka Putih,DKI Jakarta,10520
Cideng,DKI Jakarta,10150
Cikini,DKI Jakarta,10330
Duri Pulo,DKI Jakarta,10140
Galur,DKI Jakarta,10530
Gambir,DKI Jakarta,10110
Gelora,DKI Jakarta,10270
Gondangdia,DKI Jakarta,10350
Gunung Sahari,DKI Jakarta,10720
Harapan Mulya,DKI Jakarta,10640
Johar Baru,DKI Jakarta,10560
Kampung Bali,DKI Jakarta,10250
Kampung Rawa,DKI Jakarta,10550
Karang Anyar,DKI Jakarta,10740
Karet Tengsin,DKI Jakarta,10220
Kartini,DKI Jakarta,10750
Kebon Kacang,DKI Jakarta,10240
Kebon Kelapa,DKI Jakarta,10120
Kebon Kosong,DKI Jakarta,10630
Kebon Melati,DKI Jakarta,10230
Kebon Sirih,DKI Jakarta,10340
Kemayoran,DKI Jakarta,10620
Kenari,DKI Jakarta,10430
Kramat,DKI Jakarta,10450
Kwitang,DKI Jakarta,10420
Mangga Dua,DKI Jakarta,10730
Menteng,DKI Jakarta,10310
Pasar Baru,DKI Jakarta,10710
Paseban,DKI Jakarta,10440
Pegangsaan,DKI Jakarta,10320
Petamburan,DKI Jakarta,10260
Petojo,DKI Jakarta,10130
Rawasari,DKI Jakarta,10570
Senen,DKI Jakarta,10410
Serdang,DKI Jakarta,10650
Sumur Batu,DKI Jakarta,10640
Tanah Tinggi,DKI Jakarta,10540
Utan Panjang,DKI Jakarta,10650
Pancoran,DKI Jakarta,12780
Kebayoran Baru,DKI Jakarta,12160
Kebayoran Lama,DKI Jakarta,12240
Jagakarsa,DKI Jakarta,12620
Cilandak,DKI Jakarta,12430
Tebet,DKI Jakarta,12820
Pesanggrahan,DKI Jakarta,12320
Setiabudi,DKI Jakarta,12910
Mampang Prapatan,DKI Jakarta,12790
Pasar Minggu,DKI Jakarta,12520
Pisangan Baru,DKI Jakarta,13110
Utan Kayu Selatan,DKI Jakarta,13120
Utan Kayu Utara,DKI Jakarta,13120
Kayu Manis,DKI Jakarta,13130
Pal Meriam,DKI Jakarta,13140
Kebon Manggis,DKI Jakarta,13150
Pulo Gadung,DKI Jakarta,13260
Cipinang Muara,DKI Jakarta,13420
Makasar,DKI Jakarta,13570
Pinang Ranti,DKI Jakarta,13560
Halim Perdanakusuma,DKI Jakarta,13610
Cipinang Melayu,DKI Jakarta,13620
Kebon Pala,DKI Jakarta,13650
Cilangkap,DKI Jakarta,13870
Bambu Apus,DKI Jakarta,13890
Kayu Putih,DKI Jakarta,13210
Jati,DKI Jakarta,13220
Rawamangun,DKI Jakarta,13220
Pisangan Timur,DKI Jakarta,13230
Cipinang,DKI Jakarta,13240
Jatinegara Kaum,DKI Jakarta,13250
Cipinang Besar Selatan,DKI Jakarta,13410
Pasar Rebo,DKI Jakarta,13710
Pekayon,DKI Jakarta,13710
Kampung Gedong,DKI Jakarta,13760
Cijantung,DKI Jakarta,13770
Kampung Baru,DKI Jakarta,13780
Kalisari,DKI Jakarta,13790
Pulogebang,DKI Jakarta,13950
Ujung Menteng,DKI Jakarta,13960
Bali Mester,DKI Jakarta,13310
Kampung Melayu,DKI Jakarta,13320
Bidaracina,DKI Jakarta,13330
Cipinang Cempedak,DKI Jakarta,13340
Rawa Bunga,DKI Jakarta,13350
Cipinang Besar Utara,DKI Jakarta,13410
Klender,DKI Jakarta,13470
Ciracas,DKI Jakarta,13740
Cibubur,DKI Jakarta,13720
Kelapa Dua Wetan,DKI Jakarta,13730
Susukan,DKI Jakarta,13750
Rambutan,DKI Jakarta,13830
Pondok Bambu,DKI Jakarta,13430
Duren Sawit,DKI Jakarta,13440
Pondok Kelapa,DKI Jakarta,13450
Pondok Kopi,DKI Jakarta,13460
Malaka Jaya,DKI Jakarta,13460
Malaka Sari,DKI Jakarta,13460
Cililitan,DKI Jakarta,13640
Cipayung,DKI Jakarta,13840
Lubang Buaya,DKI Jakarta,13810
Ceger,DKI Jakarta,13820
Munjul,DKI Jakarta,13850
Pondok Ranggon,DKI Jakarta,13860
Kramat Jati,DKI Jakarta,13510
Batu Ampar,DKI Jakarta,13520
Balekambang,DKI Jakarta,13530
Kampung Tengah,DKI Jakarta,13540
Dukuh,DKI Jakarta,13550
Cawang,DKI Jakarta,13630
Cakung,DKI Jakarta,13910
Cakung Timur,DKI Jakarta,13910
Rawa Terate,DKI Jakarta,13920
Jatinegara,DKI Jakarta,13930
Penggilingan,DKI Jakarta,13940
Sunter Agung,DKI Jakarta,14350
Sungai Bambu,DKI Jakarta,14330
Tanjung Priok,DKI Jakarta,14310
Ancol,DKI Jakarta,14430
Warakas,DKI Jakarta,14370
Rawa Badak,DKI Jakarta,14230
Sunter Jaya,DKI Jakarta,14350
Kebon Bawang,DKI Jakarta,14320
Koja,DKI Jakarta,14210
Sukapura,DKI Jakarta,14140
Kali Baru,DKI Jakarta,14110
Marunda,DKI Jakarta,14150
Tugu Utara,DKI Jakarta,14260
Kamal Muara,DKI Jakarta,14470
Papanggo,DKI Jakarta,14340
Pegangsaan Dua,DKI Jakarta,14250
Semper,DKI Jakarta,14130
Lagoa,DKI Jakarta,14270
Cilincing,DKI Jakarta,14120
Rorotan,DKI Jakarta,14140
Pluit,DKI Jakarta,14450
Pejagalan,DKI Jakarta,14450
Penjaringan,DKI Jakarta,14440
Pademangan,DKI Jakarta,14410
Kelapa Gading,DKI Jakarta,14240
Tugu Selatan,DKI Jakarta,14260
Kapuk Muara,DKI Jakarta,14460
